model,accuracy,precision_macro,recall_macro,f1_macro,f1_weighted,top_3_accuracy,top_5_accuracy
"XGBoost acc-tuned (v2 combined, 21675 board)",0.5404739919975377,0.4053087446236777,0.273973468303798,0.2937144284168763,0.503864578615242,0.7962449984610649,0.8731917513080948
"LightGBM class_weight (v2 combined, 21675 board)",0.5426285010772546,0.4440910354235496,0.32319673163507684,0.3486522246981234,0.518526314100447,0.7771622037550016,0.866112650046168
