{
  "generated": "2026-07-15T10:42:28.638997",
  "best_by_accuracy": "XGBoost (acc-tuned)",
  "best_accuracy": 0.5146771037181996,
  "xgb_tuned_params": {
    "subsample": 0.9,
    "reg_lambda": 2.0,
    "n_estimators": 300,
    "min_child_weight": 5,
    "max_depth": 5,
    "learning_rate": 0.03,
    "colsample_bytree": 0.6
  },
  "lgbm_tuned_params": {
    "subsample": 0.9,
    "num_leaves": 15,
    "n_estimators": 300,
    "min_child_samples": 5,
    "max_depth": -1,
    "learning_rate": 0.01,
    "colsample_bytree": 0.9
  },
  "results": {
    "RandomForest (baseline)": {
      "accuracy": 0.45140247879973905,
      "f1_macro": 0.2692699824929854,
      "f1_weighted": 0.4673129894641514,
      "top_3_accuracy": 0.7123287671232876,
      "top_5_accuracy": 0.817351598173516
    },
    "XGBoost (baseline)": {
      "accuracy": 0.512720156555773,
      "f1_macro": 0.2685239995412779,
      "f1_weighted": 0.4685455385001663,
      "top_3_accuracy": 0.7508153946510111,
      "top_5_accuracy": 0.8480104370515329
    },
    "LightGBM (baseline)": {
      "accuracy": 0.5094585779517287,
      "f1_macro": 0.26132929353981604,
      "f1_weighted": 0.45398818949083436,
      "top_3_accuracy": 0.7469015003261579,
      "top_5_accuracy": 0.83235485975212
    },
    "Ensemble [equal (1,1,1)]": {
      "accuracy": 0.5107632093933464,
      "f1_macro": 0.2673128425553558,
      "f1_weighted": 0.46023638223132946,
      "top_3_accuracy": 0.7742987606001305,
      "top_5_accuracy": 0.8597521200260926
    },
    "Ensemble [XGB+LGBM only (0,1,1)]": {
      "accuracy": 0.5114155251141552,
      "f1_macro": 0.26238640582729333,
      "f1_weighted": 0.45741524475401385,
      "top_3_accuracy": 0.7527723418134377,
      "top_5_accuracy": 0.8460534898891063
    },
    "Ensemble [favor XGB (1,2,1)]": {
      "accuracy": 0.5114155251141552,
      "f1_macro": 0.26395112138802657,
      "f1_weighted": 0.4613186377647017,
      "top_3_accuracy": 0.7697325505544683,
      "top_5_accuracy": 0.8617090671885193
    },
    "Ensemble [favor XGB (0,2,1)]": {
      "accuracy": 0.5088062622309197,
      "f1_macro": 0.2580587963277666,
      "f1_weighted": 0.4550513114302714,
      "top_3_accuracy": 0.7534246575342466,
      "top_5_accuracy": 0.8460534898891063
    },
    "Ensemble [favor XGB+LGBM (0,3,2)]": {
      "accuracy": 0.5094585779517287,
      "f1_macro": 0.2631707903678771,
      "f1_weighted": 0.45614784988069557,
      "top_3_accuracy": 0.7534246575342466,
      "top_5_accuracy": 0.8460534898891063
    },
    "Ensemble [XGB heavy (0,3,1)]": {
      "accuracy": 0.5101108936725375,
      "f1_macro": 0.26080052393887104,
      "f1_weighted": 0.458309661283512,
      "top_3_accuracy": 0.7540769732550554,
      "top_5_accuracy": 0.8454011741682974
    },
    "XGBoost (acc-tuned)": {
      "accuracy": 0.5146771037181996,
      "f1_macro": 0.24823365298251687,
      "f1_weighted": 0.4702132999299664,
      "top_3_accuracy": 0.7697325505544683,
      "top_5_accuracy": 0.8519243313763861
    },
    "LightGBM (acc-tuned)": {
      "accuracy": 0.5009784735812133,
      "f1_macro": 0.23520550663255496,
      "f1_weighted": 0.45495435126936795,
      "top_3_accuracy": 0.7469015003261579,
      "top_5_accuracy": 0.8356164383561644
    },
    "Ensemble [acc-tuned XGB+LGBM + baseline RF]": {
      "accuracy": 0.512720156555773,
      "f1_macro": 0.25760172936528164,
      "f1_weighted": 0.4713594960119644,
      "top_3_accuracy": 0.7756033920417482,
      "top_5_accuracy": 0.8564905414220483
    },
    "Ensemble [acc-tuned XGB+LGBM only, 0.6/0.4]": {
      "accuracy": 0.5114155251141552,
      "f1_macro": 0.24965833895542186,
      "f1_weighted": 0.4664936627663118,
      "top_3_accuracy": 0.7677756033920418,
      "top_5_accuracy": 0.8480104370515329
    }
  }
}