{
  "generated": "2026-07-10T08:15:07.233917",
  "stage1_binary_metrics": {
    "accuracy": 1.0,
    "precision": 1.0,
    "recall": 1.0,
    "f1": 1.0
  },
  "stage2_accuracy_conditional_on_true_nonpass": 0.5114453891432309,
  "stage1_category_accuracy": 0.7573385518590998,
  "stage2_category_conditional_accuracy": {
    "Game": 0.7830303030303031,
    "GrandSlam": 0.15384615384615385,
    "Partscore": 0.43265993265993263,
    "SmallSlam": 0.7731958762886598
  },
  "results": {
    "XGBoost (single-stage)": {
      "accuracy": 0.512720156555773,
      "f1_macro": 0.2685239995412779,
      "f1_weighted": 0.4685455385001663,
      "top_3_accuracy": 0.7508153946510111,
      "top_5_accuracy": 0.8480104370515329
    },
    "Two-stage (hard routing)": {
      "accuracy": 0.512720156555773,
      "f1_macro": 0.26849860152182947,
      "f1_weighted": 0.46866562562744946,
      "top_3_accuracy": 0.7632093933463796,
      "top_5_accuracy": 0.8460534898891063
    },
    "Two-stage (proba chaining)": {
      "accuracy": 0.512720156555773,
      "f1_macro": 0.26849860152182947,
      "f1_weighted": 0.46866562562744946,
      "top_3_accuracy": 0.7632093933463796,
      "top_5_accuracy": 0.8460534898891063
    },
    "Two-stage kaskade-kategori (hard routing)": {
      "accuracy": 0.4911937377690802,
      "f1_macro": 0.2690298254095679,
      "f1_weighted": 0.4829242283595097,
      "top_3_accuracy": 0.7625570776255708,
      "top_5_accuracy": 0.8564905414220483
    },
    "Two-stage kaskade-kategori (proba chaining)": {
      "accuracy": 0.512720156555773,
      "f1_macro": 0.26768954978001147,
      "f1_weighted": 0.490952421056995,
      "top_3_accuracy": 0.7625570776255708,
      "top_5_accuracy": 0.8564905414220483
    }
  }
}