{
  "generated": "2026-07-10T09:23:17.603039",
  "scoring_used_for_search": "f1_macro",
  "cv": "StratifiedKFold(n_splits=3)",
  "n_iter": 12,
  "baseline": {
    "RandomForest (baseline)": {
      "accuracy": 0.45140247879973905,
      "f1_macro": 0.2692699824929854,
      "f1_weighted": 0.4673129894641514,
      "top_3_accuracy": 0.7123287671232876,
      "top_5_accuracy": 0.817351598173516
    },
    "XGBoost (baseline)": {
      "accuracy": 0.512720156555773,
      "f1_macro": 0.2685239995412779,
      "f1_weighted": 0.4685455385001663,
      "top_3_accuracy": 0.7508153946510111,
      "top_5_accuracy": 0.8480104370515329
    },
    "LightGBM (baseline)": {
      "accuracy": 0.5094585779517287,
      "f1_macro": 0.26132929353981604,
      "f1_weighted": 0.45398818949083436,
      "top_3_accuracy": 0.7469015003261579,
      "top_5_accuracy": 0.83235485975212
    }
  },
  "tuned": {
    "RandomForest (tuned)": {
      "accuracy": 0.44944553163731243,
      "f1_macro": 0.293679662712305,
      "f1_weighted": 0.46234976589922466,
      "top_3_accuracy": 0.7221135029354208,
      "top_5_accuracy": 0.812133072407045
    },
    "XGBoost (tuned)": {
      "accuracy": 0.5212002609262884,
      "f1_macro": 0.2738835380600116,
      "f1_weighted": 0.4813669976466756,
      "top_3_accuracy": 0.761252446183953,
      "top_5_accuracy": 0.8408349641226354
    },
    "LightGBM (tuned)": {
      "accuracy": 0.5114155251141552,
      "f1_macro": 0.2324068572503034,
      "f1_weighted": 0.4674157651843242,
      "top_3_accuracy": 0.7527723418134377,
      "top_5_accuracy": 0.8330071754729289
    }
  },
  "best_params": {
    "RandomForest": {
      "n_estimators": 200,
      "min_samples_split": 2,
      "min_samples_leaf": 1,
      "max_features": "sqrt",
      "max_depth": 20
    },
    "XGBoost": {
      "subsample": 1.0,
      "reg_lambda": 2.0,
      "n_estimators": 400,
      "min_child_weight": 1,
      "max_depth": 4,
      "learning_rate": 0.08,
      "colsample_bytree": 1.0
    },
    "LightGBM": {
      "subsample": 0.8,
      "num_leaves": 15,
      "n_estimators": 300,
      "min_child_samples": 20,
      "max_depth": 10,
      "learning_rate": 0.05,
      "colsample_bytree": 1.0
    }
  },
  "best_cv_score": {
    "RandomForest": 0.24904977014510327,
    "XGBoost": 0.2466447451793225,
    "LightGBM": 0.24527852450124582
  }
}