{
  "generated": "2026-07-15T19:24:29.279145",
  "min_class_count_train": 5,
  "val_results": {
    "XGBoost acc-tuned [none]": {
      "accuracy": 0.5172863666014351,
      "f1_macro": 0.2565947126879095,
      "f1_weighted": 0.4755888046431387,
      "top_3_accuracy": 0.7684279191128506,
      "top_5_accuracy": 0.852576647097195
    },
    "XGBoost acc-tuned [sample_weight]": {
      "accuracy": 0.4611872146118721,
      "f1_macro": 0.2793118587521829,
      "f1_weighted": 0.4788839482234269,
      "top_3_accuracy": 0.7292889758643183,
      "top_5_accuracy": 0.8258317025440313
    },
    "XGBoost acc-tuned [random_oversample]": {
      "accuracy": 0.4729288975864318,
      "f1_macro": 0.2987081324227628,
      "f1_weighted": 0.4840279340163391,
      "top_3_accuracy": 0.7292889758643183,
      "top_5_accuracy": 0.8245270711024135
    },
    "XGBoost acc-tuned [smote]": {
      "accuracy": 0.46966731898238745,
      "f1_macro": 0.2650123099865713,
      "f1_weighted": 0.4508701104869415,
      "top_3_accuracy": 0.7397260273972602,
      "top_5_accuracy": 0.8238747553816047
    },
    "LightGBM [none]": {
      "accuracy": 0.512720156555773,
      "f1_macro": 0.24891348448382883,
      "f1_weighted": 0.4644872147180263,
      "top_3_accuracy": 0.7560339204174821,
      "top_5_accuracy": 0.8388780169602087
    },
    "LightGBM [class_weight]": {
      "accuracy": 0.50293542074364,
      "f1_macro": 0.29683763612770514,
      "f1_weighted": 0.46486909378252556,
      "top_3_accuracy": 0.7508153946510111,
      "top_5_accuracy": 0.8414872798434442
    },
    "RandomForest [none]": {
      "accuracy": 0.47227658186562294,
      "f1_macro": 0.15394490255896104,
      "f1_weighted": 0.4023051611416162,
      "top_3_accuracy": 0.7227658186562296,
      "top_5_accuracy": 0.8193085453359426
    },
    "RandomForest [class_weight]": {
      "accuracy": 0.4435746901500326,
      "f1_macro": 0.27551625445957056,
      "f1_weighted": 0.4585502077582307,
      "top_3_accuracy": 0.7149380300065231,
      "top_5_accuracy": 0.8186562296151337
    }
  },
  "best_candidate_val": "LightGBM [class_weight]",
  "test_validation": {
    "baseline": {
      "accuracy": 0.5270711024135681,
      "f1_macro": 0.25071198222661645,
      "f1_weighted": 0.4802467915918208
    },
    "best_candidate": {
      "accuracy": 0.5257664709719504,
      "f1_macro": 0.3067643072391079,
      "f1_weighted": 0.4854029125273938
    }
  }
}